{"cameraMode":{"drawMode":0,"name":"Shaded","section":"Shading Mode"},"sceneLighting":true,"audioPlay":false,"sceneViewState":{"m_AlwaysRefresh":true,"showFog":true,"showSkybox":true,"showFlares":true,"showImageEffects":false,"showParticleSystems":true,"showVisualEffectGraphs":true,"m_FxEnabled":true},"in2DMode":false,"pivot":{"x":0.7624713778495789,"y":0.3392406105995178,"z":-0.45286083221435549},"rotation":{"x":0.01649908535182476,"y":-0.004499384667724371,"z":0.00007424887735396624,"w":0.9998533129692078},"size":5.9753570556640629,"orthographic":false}